datetime,latitude,longitude
2020/01/16 11:21:02.628,  35.63774070, 139.30046330
2020/01/16 11:21:07.328,  35.63774070, 139.30046330
2020/01/16 11:21:12.430,  35.63774070, 139.30046330
2020/01/16 11:21:14.567,  35.63941520, 139.29605240
2020/01/16 11:21:15.550,  35.63941930, 139.29605270
2020/01/16 11:21:16.545,  35.63944110, 139.29602640
2020/01/16 11:21:17.507,  35.63944410, 139.29602280
2020/01/16 11:21:18.397,  35.63940610, 139.29602370
2020/01/16 11:21:19.374,  35.63943770, 139.29601560
2020/01/16 11:21:20.369,  35.63944350, 139.29601430
2020/01/16 11:21:21.364,  35.63944550, 139.29601360
2020/01/16 11:21:22.367,  35.63944560, 139.29601340
2020/01/16 11:21:22.599,  35.63944570, 139.29601330
2020/01/16 11:21:23.374,  35.63944520, 139.29601340
2020/01/16 11:21:24.380,  35.63944490, 139.29601340
2020/01/16 11:21:25.385,  35.63944460, 139.29601350
2020/01/16 11:21:26.377,  35.63944450, 139.29601350
2020/01/16 11:21:27.373,  35.63944450, 139.29601350
2020/01/16 11:21:27.654,  35.63944450, 139.29601350
2020/01/16 11:21:28.374,  35.63944450, 139.29601350
2020/01/16 11:21:29.414,  35.63944450, 139.29601350
2020/01/16 11:21:30.369,  35.63944450, 139.29601350
2020/01/16 11:21:31.379,  35.63944450, 139.29601350
2020/01/16 11:21:32.372,  35.63944450, 139.29601350
2020/01/16 11:21:32.737,  35.63944450, 139.29601350
2020/01/16 11:21:33.376,  35.63944450, 139.29601350
2020/01/16 11:21:34.372,  35.63944450, 139.29601350
2020/01/16 11:21:35.369,  35.63944450, 139.29601350
2020/01/16 11:21:36.383,  35.63944450, 139.29601350
2020/01/16 11:21:37.407,  35.63944450, 139.29601350
2020/01/16 11:21:37.831,  35.63944450, 139.29601350
2020/01/16 11:21:38.382,  35.63944450, 139.29601350
2020/01/16 11:21:39.362,  35.63944450, 139.29601350
2020/01/16 11:21:40.378,  35.63944450, 139.29601350
2020/01/16 11:21:41.368,  35.63944450, 139.29601350
2020/01/16 11:21:42.378,  35.63944450, 139.29601350
2020/01/16 11:21:42.944,  35.63944450, 139.29601350
2020/01/16 11:21:43.371,  35.63944450, 139.29601350
2020/01/16 11:21:44.374,  35.63944450, 139.29601350
2020/01/16 11:21:45.385,  35.63944450, 139.29601350
2020/01/16 11:21:46.362,  35.63944450, 139.29601350
2020/01/16 11:21:47.363,  35.63944450, 139.29601350
2020/01/16 11:21:48.015,  35.63944450, 139.29601350
2020/01/16 11:21:48.369,  35.63944450, 139.29601350
2020/01/16 11:21:49.378,  35.63944450, 139.29601350
2020/01/16 11:21:50.371,  35.63944450, 139.29601350
2020/01/16 11:21:51.374,  35.63944450, 139.29601350
2020/01/16 11:21:52.371,  35.63944450, 139.29601350
2020/01/16 11:21:53.103,  35.63944450, 139.29601350
2020/01/16 11:21:53.374,  35.63944450, 139.29601350
2020/01/16 11:21:54.381,  35.63944450, 139.29601350
2020/01/16 11:21:55.365,  35.63944450, 139.29601350
2020/01/16 11:21:56.366,  35.63944450, 139.29601350
2020/01/16 11:21:57.373,  35.63944450, 139.29601350
2020/01/16 11:21:58.191,  35.63944450, 139.29601350
2020/01/16 11:21:58.364,  35.63944450, 139.29601350
2020/01/16 11:21:59.370,  35.63944450, 139.29601350
2020/01/16 11:22:00.375,  35.63944450, 139.29601350
2020/01/16 11:22:01.364,  35.63944450, 139.29601350
2020/01/16 11:22:02.357,  35.63944450, 139.29601350
2020/01/16 11:22:03.273,  35.63944450, 139.29601350
2020/01/16 11:22:04.366,  35.63944450, 139.29601350
2020/01/16 11:22:05.379,  35.63944450, 139.29601350
2020/01/16 11:22:06.386,  35.63944450, 139.29601350
2020/01/16 11:22:07.379,  35.63944450, 139.29601350
2020/01/16 11:22:08.372,  35.63944450, 139.29601350
2020/01/16 11:22:09.487,  35.63944450, 139.29601350
2020/01/16 11:22:10.382,  35.63944450, 139.29601350
2020/01/16 11:22:11.373,  35.63944450, 139.29601350
2020/01/16 11:22:12.382,  35.63944450, 139.29601350
2020/01/16 11:22:13.366,  35.63944450, 139.29601350
2020/01/16 11:22:13.626,  35.63944450, 139.29601350
2020/01/16 11:22:14.387,  35.63944250, 139.29601190
2020/01/16 11:22:15.154,  35.63944090, 139.29601100
2020/01/16 11:22:15.707,  35.63943850, 139.29600900
2020/01/16 11:22:16.274,  35.63943620, 139.29600410
2020/01/16 11:22:16.879,  35.63943450, 139.29600010
2020/01/16 11:22:17.368,  35.63943280, 139.29599570
2020/01/16 11:22:18.054,  35.63943170, 139.29599330
2020/01/16 11:22:18.374,  35.63943070, 139.29598960
2020/01/16 11:22:19.213,  35.63943080, 139.29598980
2020/01/16 11:22:19.771,  35.63943090, 139.29598750
2020/01/16 11:22:20.376,  35.63943080, 139.29598400
2020/01/16 11:22:20.900,  35.63943190, 139.29598230
2020/01/16 11:22:21.368,  35.63943210, 139.29597860
2020/01/16 11:22:22.054,  35.63943230, 139.29597690
2020/01/16 11:22:22.389,  35.63943190, 139.29597280
2020/01/16 11:22:23.211,  35.63943100, 139.29597000
2020/01/16 11:22:24.387,  35.63942870, 139.29596510
2020/01/16 11:22:25.023,  35.63942770, 139.29595740
2020/01/16 11:22:25.576,  35.63942440, 139.29595360
2020/01/16 11:22:26.179,  35.63942120, 139.29595090
2020/01/16 11:22:26.734,  35.63941280, 139.29594390
2020/01/16 11:22:27.293,  35.63940790, 139.29593880
2020/01/16 11:22:27.906,  35.63940140, 139.29593160
2020/01/16 11:22:28.399,  35.63939880, 139.29592850
2020/01/16 11:22:29.071,  35.63939360, 139.29592100
2020/01/16 11:22:29.609,  35.63939070, 139.29591180
2020/01/16 11:22:30.192,  35.63938940, 139.29590190
2020/01/16 11:22:30.783,  35.63938660, 139.29589110
2020/01/16 11:22:31.369,  35.63938490, 139.29588510
2020/01/16 11:22:31.973,  35.63938180, 139.29588010
2020/01/16 11:22:32.380,  35.63937960, 139.29587580
2020/01/16 11:22:33.214,  35.63937620, 139.29587130
2020/01/16 11:22:33.673,  35.63937230, 139.29586610
2020/01/16 11:22:34.341,  35.63936620, 139.29585880
2020/01/16 11:22:34.827,  35.63936020, 139.29585260
2020/01/16 11:22:35.371,  35.63935530, 139.29584820
2020/01/16 11:22:35.905,  35.63935180, 139.29584520
2020/01/16 11:22:36.374,  35.63934850, 139.29584290
2020/01/16 11:22:37.004,  35.63934620, 139.29584130
2020/01/16 11:22:37.364,  35.63934320, 139.29583950
2020/01/16 11:22:38.068,  35.63934110, 139.29583790
2020/01/16 11:22:38.672,  35.63933880, 139.29583570
2020/01/16 11:22:39.110,  35.63933580, 139.29583310
2020/01/16 11:22:39.726,  35.63933480, 139.29583120
2020/01/16 11:22:40.302,  35.63933180, 139.29582840
2020/01/16 11:22:40.867,  35.63932980, 139.29582570
2020/01/16 11:22:41.378,  35.63932670, 139.29582330
2020/01/16 11:22:42.026,  35.63932500, 139.29582240
2020/01/16 11:22:42.534,  35.63932430, 139.29582350
2020/01/16 11:22:43.105,  35.63932320, 139.29582580
2020/01/16 11:22:43.634,  35.63932440, 139.29582780
2020/01/16 11:22:44.198,  35.63932460, 139.29582950
2020/01/16 11:22:44.770,  35.63932710, 139.29582960
2020/01/16 11:22:45.341,  35.63932730, 139.29583030
2020/01/16 11:22:45.888,  35.63932800, 139.29583080
2020/01/16 11:22:46.424,  35.63932780, 139.29583230
2020/01/16 11:22:47.000,  35.63932680, 139.29583400
2020/01/16 11:22:47.554,  35.63932590, 139.29583580
2020/01/16 11:22:48.087,  35.63932480, 139.29583790
2020/01/16 11:22:48.650,  35.63932330, 139.29584040
2020/01/16 11:22:49.217,  35.63932200, 139.29584250
2020/01/16 11:22:49.766,  35.63932030, 139.29584510
2020/01/16 11:22:50.360,  35.63931900, 139.29584710
2020/01/16 11:22:50.913,  35.63931750, 139.29584950
2020/01/16 11:22:51.470,  35.63931600, 139.29585190
2020/01/16 11:22:52.024,  35.63931490, 139.29585410
2020/01/16 11:22:52.524,  35.63931420, 139.29585730
2020/01/16 11:22:53.078,  35.63931460, 139.29586030
2020/01/16 11:22:53.582,  35.63931540, 139.29586380
2020/01/16 11:22:54.153,  35.63931630, 139.29586620
2020/01/16 11:22:54.711,  35.63931730, 139.29586920
2020/01/16 11:22:55.294,  35.63931850, 139.29587220
2020/01/16 11:22:55.815,  35.63932020, 139.29587550
2020/01/16 11:22:56.406,  35.63932240, 139.29587870
2020/01/16 11:22:56.923,  35.63932390, 139.29588080
2020/01/16 11:22:57.477,  35.63932570, 139.29588340
2020/01/16 11:22:58.033,  35.63932730, 139.29588500
2020/01/16 11:22:58.591,  35.63933000, 139.29588640
2020/01/16 11:22:59.069,  35.63933360, 139.29588840
2020/01/16 11:22:59.630,  35.63933810, 139.29588960
2020/01/16 11:23:00.168,  35.63934230, 139.29588960
2020/01/16 11:23:00.718,  35.63934640, 139.29588890
2020/01/16 11:23:01.256,  35.63934890, 139.29588810
2020/01/16 11:23:01.806,  35.63935190, 139.29588670
2020/01/16 11:23:02.366,  35.63935460, 139.29588530
2020/01/16 11:23:02.919,  35.63935710, 139.29588340
2020/01/16 11:23:03.467,  35.63936210, 139.29587860
2020/01/16 11:23:04.029,  35.63936730, 139.29587470
2020/01/16 11:23:04.547,  35.63937220, 139.29587020
2020/01/16 11:23:05.069,  35.63937680, 139.29586610
2020/01/16 11:23:05.621,  35.63938060, 139.29586300
2020/01/16 11:23:06.159,  35.63938510, 139.29585980
2020/01/16 11:23:06.708,  35.63938870, 139.29585700
2020/01/16 11:23:07.282,  35.63939280, 139.29585440
2020/01/16 11:23:07.787,  35.63939510, 139.29585240
2020/01/16 11:23:08.364,  35.63939760, 139.29585050
2020/01/16 11:23:08.907,  35.63939810, 139.29584860
2020/01/16 11:23:09.483,  35.63939850, 139.29584680
2020/01/16 11:23:10.020,  35.63940090, 139.29584590
2020/01/16 11:23:10.607,  35.63940160, 139.29584580
2020/01/16 11:23:11.146,  35.63940390, 139.29584690
2020/01/16 11:23:11.702,  35.63940500, 139.29584860
2020/01/16 11:23:12.240,  35.63940740, 139.29585080
2020/01/16 11:23:12.775,  35.63940800, 139.29585260
2020/01/16 11:23:13.348,  35.63940910, 139.29585460
2020/01/16 11:23:13.899,  35.63940860, 139.29585640
2020/01/16 11:23:14.436,  35.63940850, 139.29585890
2020/01/16 11:23:15.127,  35.63940970, 139.29586190
2020/01/16 11:23:15.594,  35.63940910, 139.29586460
2020/01/16 11:23:16.127,  35.63941020, 139.29586770
2020/01/16 11:23:16.647,  35.63941020, 139.29587060
2020/01/16 11:23:17.213,  35.63941080, 139.29587320
2020/01/16 11:23:17.730,  35.63941050, 139.29587590
2020/01/16 11:23:18.301,  35.63941100, 139.29587890
2020/01/16 11:23:18.886,  35.63941050, 139.29588190
2020/01/16 11:23:19.408,  35.63940900, 139.29588510
2020/01/16 11:23:19.960,  35.63940710, 139.29588770
2020/01/16 11:23:20.552,  35.63940400, 139.29589010
2020/01/16 11:23:21.365,  35.63940040, 139.29589190
2020/01/16 11:23:21.672,  35.63939800, 139.29589370
2020/01/16 11:23:22.379,  35.63939530, 139.29589530
2020/01/16 11:23:22.769,  35.63939320, 139.29589710
2020/01/16 11:23:23.284,  35.63939080, 139.29589880
2020/01/16 11:23:23.809,  35.63938830, 139.29590050
2020/01/16 11:23:24.380,  35.63938610, 139.29590230
2020/01/16 11:23:24.913,  35.63938410, 139.29590400
2020/01/16 11:23:25.406,  35.63938210, 139.29590540
2020/01/16 11:23:25.987,  35.63937980, 139.29590710
2020/01/16 11:23:26.512,  35.63937780, 139.29590890
2020/01/16 11:23:27.048,  35.63937610, 139.29591060
2020/01/16 11:23:27.617,  35.63937410, 139.29591260
2020/01/16 11:23:28.187,  35.63937200, 139.29591450
2020/01/16 11:23:28.711,  35.63937000, 139.29591630
2020/01/16 11:23:29.279,  35.63936790, 139.29591800
2020/01/16 11:23:29.816,  35.63936570, 139.29591940
2020/01/16 11:23:30.367,  35.63936370, 139.29592000
2020/01/16 11:23:30.911,  35.63936160, 139.29591890
2020/01/16 11:23:31.479,  35.63936000, 139.29591650
2020/01/16 11:23:32.032,  35.63935860, 139.29591380
2020/01/16 11:23:32.637,  35.63935750, 139.29591100
2020/01/16 11:23:33.173,  35.63935620, 139.29590830
2020/01/16 11:23:33.707,  35.63935480, 139.29590560
2020/01/16 11:23:34.228,  35.63935310, 139.29590250
2020/01/16 11:23:34.837,  35.63935160, 139.29589990
2020/01/16 11:23:35.362,  35.63934990, 139.29589700
2020/01/16 11:23:35.897,  35.63934890, 139.29589440
2020/01/16 11:23:36.427,  35.63934790, 139.29589060
2020/01/16 11:23:37.036,  35.63934610, 139.29588610
2020/01/16 11:23:37.556,  35.63934540, 139.29588240
2020/01/16 11:23:38.130,  35.63934470, 139.29587860
2020/01/16 11:23:39.172,  35.63934560, 139.29587610
2020/01/16 11:23:39.354,  35.63934480, 139.29587140
2020/01/16 11:23:40.362,  35.63934310, 139.29586200
2020/01/16 11:23:40.899,  35.63934380, 139.29586000
2020/01/16 11:23:41.446,  35.63934540, 139.29585930
2020/01/16 11:23:42.010,  35.63934620, 139.29585620
2020/01/16 11:23:42.578,  35.63934790, 139.29585450
2020/01/16 11:23:43.081,  35.63934950, 139.29585120
2020/01/16 11:23:43.662,  35.63935170, 139.29584840
2020/01/16 11:23:44.359,  35.63935370, 139.29584570
2020/01/16 11:23:44.759,  35.63935530, 139.29584250
2020/01/16 11:23:45.313,  35.63935760, 139.29583840
2020/01/16 11:23:45.871,  35.63935970, 139.29583610
2020/01/16 11:23:46.373,  35.63936160, 139.29583410
2020/01/16 11:23:46.992,  35.63936320, 139.29583130
2020/01/16 11:23:47.516,  35.63936390, 139.29582870
2020/01/16 11:23:48.070,  35.63936440, 139.29582460
2020/01/16 11:23:49.129,  35.63936390, 139.29581780
2020/01/16 11:23:49.678,  35.63936200, 139.29581610
2020/01/16 11:23:50.336,  35.63935930, 139.29581210
2020/01/16 11:23:50.803,  35.63935650, 139.29581100
2020/01/16 11:23:51.379,  35.63935400, 139.29581030
2020/01/16 11:23:51.923,  35.63935170, 139.29580990
2020/01/16 11:23:52.489,  35.63934980, 139.29580970
2020/01/16 11:23:53.004,  35.63934680, 139.29580790
2020/01/16 11:23:53.511,  35.63934500, 139.29580790
2020/01/16 11:23:54.028,  35.63934210, 139.29580590
2020/01/16 11:23:54.582,  35.63933980, 139.29580500
2020/01/16 11:23:55.120,  35.63933660, 139.29580280
2020/01/16 11:23:55.673,  35.63933510, 139.29580200
2020/01/16 11:23:56.229,  35.63933200, 139.29579930
2020/01/16 11:23:56.884,  35.63933170, 139.29579920
2020/01/16 11:23:57.357,  35.63932850, 139.29579690
2020/01/16 11:23:57.956,  35.63932650, 139.29579740
2020/01/16 11:23:58.410,  35.63932540, 139.29580360
2020/01/16 11:23:59.369,  35.63932490, 139.29580620
2020/01/16 11:24:00.124,  35.63932270, 139.29580700
2020/01/16 11:24:01.199,  35.63932480, 139.29580900
2020/01/16 11:24:01.738,  35.63932650, 139.29581070
2020/01/16 11:24:02.326,  35.63932760, 139.29581220
2020/01/16 11:24:02.844,  35.63932830, 139.29581370
2020/01/16 11:24:03.443,  35.63932850, 139.29581550
2020/01/16 11:24:04.001,  35.63932800, 139.29581650
2020/01/16 11:24:04.527,  35.63932790, 139.29581830
2020/01/16 11:24:05.088,  35.63932750, 139.29581920
2020/01/16 11:24:05.651,  35.63932730, 139.29582080
2020/01/16 11:24:06.206,  35.63932690, 139.29582170
2020/01/16 11:24:06.755,  35.63932650, 139.29582350
2020/01/16 11:24:07.343,  35.63932600, 139.29582530
2020/01/16 11:24:07.897,  35.63932550, 139.29582700
2020/01/16 11:24:08.441,  35.63932510, 139.29582880
2020/01/16 11:24:09.112,  35.63932570, 139.29582980
2020/01/16 11:24:09.576,  35.63932530, 139.29583170
2020/01/16 11:24:10.149,  35.63932520, 139.29583280
2020/01/16 11:24:11.311,  35.63932510, 139.29583730
2020/01/16 11:24:12.033,  35.63932620, 139.29584330
2020/01/16 11:24:12.368,  35.63932770, 139.29584700
2020/01/16 11:24:13.367,  35.63932970, 139.29585100
2020/01/16 11:24:13.931,  35.63933230, 139.29585480
2020/01/16 11:24:14.364,  35.63933440, 139.29585750
2020/01/16 11:24:15.033,  35.63933740, 139.29586030
2020/01/16 11:24:15.390,  35.63933980, 139.29586220
2020/01/16 11:24:16.141,  35.63934290, 139.29586350
2020/01/16 11:24:16.379,  35.63934570, 139.29586430
2020/01/16 11:24:17.148,  35.63934940, 139.29586390
2020/01/16 11:24:17.791,  35.63935380, 139.29586230
2020/01/16 11:24:18.277,  35.63935720, 139.29586200
2020/01/16 11:24:18.846,  35.63936080, 139.29586030
2020/01/16 11:24:19.368,  35.63936410, 139.29585940
2020/01/16 11:24:19.936,  35.63936800, 139.29585750
2020/01/16 11:24:20.377,  35.63937200, 139.29585610
2020/01/16 11:24:21.060,  35.63937610, 139.29585370
2020/01/16 11:24:21.530,  35.63937950, 139.29585110
2020/01/16 11:24:22.072,  35.63938310, 139.29584910
2020/01/16 11:24:22.548,  35.63938570, 139.29584630
2020/01/16 11:24:23.093,  35.63938910, 139.29584450
2020/01/16 11:24:23.596,  35.63939210, 139.29584270
2020/01/16 11:24:24.203,  35.63939560, 139.29584150
2020/01/16 11:24:24.705,  35.63939840, 139.29584180
2020/01/16 11:24:25.287,  35.63940160, 139.29584210
2020/01/16 11:24:25.778,  35.63940330, 139.29584370
2020/01/16 11:24:26.372,  35.63940650, 139.29584440
2020/01/16 11:24:26.954,  35.63940750, 139.29584600
2020/01/16 11:24:27.425,  35.63940730, 139.29584820
2020/01/16 11:24:27.961,  35.63940930, 139.29584930
2020/01/16 11:24:28.583,  35.63941050, 139.29585140
2020/01/16 11:24:29.355,  35.63941190, 139.29585380
2020/01/16 11:24:30.106,  35.63941320, 139.29585650
2020/01/16 11:24:30.369,  35.63941530, 139.29585880
2020/01/16 11:24:30.752,  35.63941700, 139.29586140
2020/01/16 11:24:31.374,  35.63941810, 139.29586490
2020/01/16 11:24:32.227,  35.63941870, 139.29586860
2020/01/16 11:24:33.374,  35.63941260, 139.29587610
2020/01/16 11:24:34.024,  35.63941130, 139.29588160
2020/01/16 11:24:35.014,  35.63940760, 139.29588390
2020/01/16 11:24:35.373,  35.63940640, 139.29588620
2020/01/16 11:24:36.055,  35.63940370, 139.29588830
2020/01/16 11:24:36.364,  35.63940210, 139.29589050
2020/01/16 11:24:37.128,  35.63939900, 139.29589230
2020/01/16 11:24:37.667,  35.63939610, 139.29589380
2020/01/16 11:24:38.205,  35.63939320, 139.29589530
2020/01/16 11:24:38.745,  35.63939050, 139.29589670
2020/01/16 11:24:39.262,  35.63938850, 139.29589860
2020/01/16 11:24:39.801,  35.63938560, 139.29590030
2020/01/16 11:24:40.364,  35.63938350, 139.29590220
2020/01/16 11:24:40.875,  35.63938080, 139.29590370
2020/01/16 11:24:41.380,  35.63937880, 139.29590530
2020/01/16 11:24:41.987,  35.63937600, 139.29590550
2020/01/16 11:24:42.551,  35.63937290, 139.29590460
2020/01/16 11:24:43.067,  35.63936940, 139.29590320
2020/01/16 11:24:43.649,  35.63936600, 139.29590180
2020/01/16 11:24:44.202,  35.63936330, 139.29590080
2020/01/16 11:24:44.747,  35.63935990, 139.29589850
2020/01/16 11:24:45.291,  35.63935680, 139.29589670
2020/01/16 11:24:45.830,  35.63935350, 139.29589400
2020/01/16 11:24:46.366,  35.63935100, 139.29589220
2020/01/16 11:24:46.870,  35.63934880, 139.29589010
2020/01/16 11:24:47.405,  35.63934710, 139.29588820
2020/01/16 11:24:48.112,  35.63934500, 139.29588590
2020/01/16 11:24:48.525,  35.63934560, 139.29588480
2020/01/16 11:24:49.170,  35.63934350, 139.29588210
2020/01/16 11:24:50.204,  35.63934130, 139.29587780
2020/01/16 11:24:50.697,  35.63934160, 139.29587670
2020/01/16 11:24:51.300,  35.63934030, 139.29587380
2020/01/16 11:24:51.838,  35.63934190, 139.29587230
2020/01/16 11:24:52.378,  35.63934280, 139.29587000
2020/01/16 11:24:52.950,  35.63934670, 139.29586900
2020/01/16 11:24:53.546,  35.63935130, 139.29586860
2020/01/16 11:24:54.056,  35.63935200, 139.29586550
2020/01/16 11:24:54.625,  35.63935400, 139.29586320
2020/01/16 11:24:55.128,  35.63935470, 139.29585970
2020/01/16 11:24:55.667,  35.63935640, 139.29585720
2020/01/16 11:24:56.204,  35.63935700, 139.29585370
2020/01/16 11:24:56.758,  35.63935850, 139.29585170
2020/01/16 11:24:57.294,  35.63935890, 139.29584800
2020/01/16 11:24:57.852,  35.63935980, 139.29584550
2020/01/16 11:24:58.369,  35.63936040, 139.29584320
2020/01/16 11:24:58.939,  35.63936030, 139.29584070
2020/01/16 11:24:59.507,  35.63935980, 139.29583880
2020/01/16 11:25:00.148,  35.63935880, 139.29583630
2020/01/16 11:25:00.619,  35.63935790, 139.29583630
2020/01/16 11:25:01.172,  35.63935630, 139.29583430
2020/01/16 11:25:01.694,  35.63935470, 139.29583520
2020/01/16 11:25:02.219,  35.63935270, 139.29583430
2020/01/16 11:25:03.274,  35.63935100, 139.29583740
2020/01/16 11:25:04.399,  35.63934730, 139.29583840
2020/01/16 11:25:05.363,  35.63934300, 139.29583630
2020/01/16 11:25:05.987,  35.63934130, 139.29583550
2020/01/16 11:25:06.368,  35.63933850, 139.29583440
2020/01/16 11:25:07.018,  35.63933690, 139.29583550
2020/01/16 11:25:07.364,  35.63933460, 139.29583620
2020/01/16 11:25:08.111,  35.63933750, 139.29583710
2020/01/16 11:25:08.733,  35.63934310, 139.29583630
2020/01/16 11:25:09.168,  35.63934750, 139.29583560
2020/01/16 11:25:09.804,  35.63935110, 139.29583530
2020/01/16 11:25:10.273,  35.63935190, 139.29583510
2020/01/16 11:25:10.895,  35.63935460, 139.29583520
2020/01/16 11:25:11.365,  35.63935510, 139.29583530
2020/01/16 11:25:11.920,  35.63935700, 139.29583580
2020/01/16 11:25:12.422,  35.63935850, 139.29583640
2020/01/16 11:25:12.960,  35.63935870, 139.29583680
2020/01/16 11:25:13.464,  35.63935950, 139.29583800
2020/01/16 11:25:14.133,  35.63936020, 139.29583910
2020/01/16 11:25:14.583,  35.63936060, 139.29584010
2020/01/16 11:25:15.146,  35.63936070, 139.29584060
2020/01/16 11:25:15.663,  35.63936110, 139.29584180
2020/01/16 11:25:16.285,  35.63936170, 139.29584250
2020/01/16 11:25:16.754,  35.63936210, 139.29584400
2020/01/16 11:25:17.274,  35.63936220, 139.29584490
2020/01/16 11:25:17.770,  35.63936260, 139.29584670
2020/01/16 11:25:18.333,  35.63936290, 139.29584770
2020/01/16 11:25:18.864,  35.63936360, 139.29584970
2020/01/16 11:25:19.446,  35.63936470, 139.29585240
2020/01/16 11:25:19.946,  35.63936520, 139.29585340
2020/01/16 11:25:20.516,  35.63936620, 139.29585540
2020/01/16 11:25:21.353,  35.63936730, 139.29585740
2020/01/16 11:25:22.104,  35.63936890, 139.29585990
2020/01/16 11:25:22.362,  35.63937020, 139.29586160
2020/01/16 11:25:23.187,  35.63937260, 139.29586430
2020/01/16 11:25:23.387,  35.63937430, 139.29586570
2020/01/16 11:25:23.857,  35.63937610, 139.29586710
2020/01/16 11:25:24.926,  35.63938100, 139.29586950
2020/01/16 11:25:25.346,  35.63938290, 139.29586990
2020/01/16 11:25:26.006,  35.63938640, 139.29587030
2020/01/16 11:25:26.377,  35.63938900, 139.29587030
2020/01/16 11:25:26.923,  35.63939380, 139.29586990
2020/01/16 11:25:27.399,  35.63939740, 139.29586920
2020/01/16 11:25:28.056,  35.63940290, 139.29586760
2020/01/16 11:25:28.558,  35.63940770, 139.29586540
2020/01/16 11:25:29.226,  35.63941130, 139.29586350
2020/01/16 11:25:29.632,  35.63941620, 139.29586060
2020/01/16 11:25:30.164,  35.63941980, 139.29585850
2020/01/16 11:25:30.727,  35.63942390, 139.29585630
2020/01/16 11:25:31.294,  35.63942760, 139.29585490
2020/01/16 11:25:31.828,  35.63943130, 139.29585480
2020/01/16 11:25:32.367,  35.63943450, 139.29585500
2020/01/16 11:25:32.908,  35.63943720, 139.29585640
2020/01/16 11:25:33.477,  35.63943900, 139.29585790
2020/01/16 11:25:33.982,  35.63944160, 139.29585860
2020/01/16 11:25:34.588,  35.63944310, 139.29586090
2020/01/16 11:25:35.140,  35.63944610, 139.29586250
2020/01/16 11:25:35.747,  35.63944850, 139.29586520
2020/01/16 11:25:36.181,  35.63945090, 139.29586740
2020/01/16 11:25:36.864,  35.63945220, 139.29587040
2020/01/16 11:25:37.273,  35.63945420, 139.29587300
2020/01/16 11:25:37.977,  35.63945460, 139.29587600
2020/01/16 11:25:38.370,  35.63945580, 139.29587880
2020/01/16 11:25:38.947,  35.63945580, 139.29588230
2020/01/16 11:25:39.478,  35.63945390, 139.29588570
2020/01/16 11:25:40.059,  35.63945210, 139.29588880
2020/01/16 11:25:41.147,  35.63944790, 139.29589410
2020/01/16 11:25:41.691,  35.63944420, 139.29589550
2020/01/16 11:25:42.347,  35.63944280, 139.29589690
2020/01/16 11:25:42.852,  35.63943970, 139.29589880
2020/01/16 11:25:43.346,  35.63943820, 139.29590020
2020/01/16 11:25:43.866,  35.63943510, 139.29590220
2020/01/16 11:25:44.444,  35.63943240, 139.29590380
2020/01/16 11:25:44.948,  35.63942980, 139.29590540
2020/01/16 11:25:45.516,  35.63942720, 139.29590680
2020/01/16 11:25:46.038,  35.63942590, 139.29590760
2020/01/16 11:25:46.673,  35.63942340, 139.29590880
2020/01/16 11:25:47.133,  35.63942220, 139.29590950
2020/01/16 11:25:47.702,  35.63941970, 139.29591060
2020/01/16 11:25:48.236,  35.63941840, 139.29591130
2020/01/16 11:25:48.811,  35.63941590, 139.29591230
2020/01/16 11:25:49.354,  35.63941470, 139.29591280
2020/01/16 11:25:49.917,  35.63941220, 139.29591380
2020/01/16 11:25:50.447,  35.63940880, 139.29591510
2020/01/16 11:25:51.145,  35.63940760, 139.29591540
2020/01/16 11:25:51.577,  35.63940460, 139.29591610
2020/01/16 11:25:52.201,  35.63940250, 139.29591610
2020/01/16 11:25:52.664,  35.63939920, 139.29591590
2020/01/16 11:25:53.286,  35.63939720, 139.29591510
2020/01/16 11:25:53.831,  35.63939410, 139.29591350
2020/01/16 11:25:54.372,  35.63939230, 139.29591190
2020/01/16 11:25:54.969,  35.63938970, 139.29590950
2020/01/16 11:25:55.532,  35.63938690, 139.29590630
2020/01/16 11:25:56.092,  35.63938550, 139.29590350
2020/01/16 11:25:56.652,  35.63938430, 139.29590030
2020/01/16 11:25:57.202,  35.63938320, 139.29589700
2020/01/16 11:25:57.756,  35.63938220, 139.29589370
2020/01/16 11:25:58.380,  35.63938140, 139.29589030
2020/01/16 11:25:58.927,  35.63938090, 139.29588740
2020/01/16 11:25:59.956,  35.63938120, 139.29588590
2020/01/16 11:26:00.177,  35.63938130, 139.29588260
2020/01/16 11:26:01.050,  35.63938240, 139.29588060
2020/01/16 11:26:01.367,  35.63938310, 139.29587700
2020/01/16 11:26:02.167,  35.63938440, 139.29587430
2020/01/16 11:26:02.375,  35.63938550, 139.29587080
2020/01/16 11:26:03.281,  35.63938740, 139.29586760
2020/01/16 11:26:04.323,  35.63939150, 139.29586110
2020/01/16 11:26:04.807,  35.63939400, 139.29585780
2020/01/16 11:26:05.262,  35.63939600, 139.29585320
2020/01/16 11:26:05.900,  35.63939770, 139.29585040
2020/01/16 11:26:06.373,  35.63939880, 139.29584580
2020/01/16 11:26:07.026,  35.63939850, 139.29584310
2020/01/16 11:26:07.379,  35.63939850, 139.29583910
2020/01/16 11:26:08.118,  35.63939740, 139.29583600
2020/01/16 11:26:08.371,  35.63939680, 139.29583220
2020/01/16 11:26:09.212,  35.63939500, 139.29582890
2020/01/16 11:26:09.866,  35.63939290, 139.29582710
2020/01/16 11:26:10.318,  35.63939150, 139.29582370
2020/01/16 11:26:10.966,  35.63938880, 139.29582460
2020/01/16 11:26:11.362,  35.63938690, 139.29582070
2020/01/16 11:26:11.964,  35.63938450, 139.29581880
2020/01/16 11:26:12.368,  35.63938230, 139.29581500
2020/01/16 11:26:13.073,  35.63938000, 139.29581320
2020/01/16 11:26:13.611,  35.63937760, 139.29581120
2020/01/16 11:26:14.127,  35.63937510, 139.29580850
2020/01/16 11:26:14.627,  35.63937240, 139.29581010
2020/01/16 11:26:15.168,  35.63936980, 139.29581200
2020/01/16 11:26:16.175,  35.63936950, 139.29582350
2020/01/16 11:26:16.367,  35.63936920, 139.29582310
2020/01/16 11:26:17.221,  35.63937130, 139.29582250
2020/01/16 11:26:17.754,  35.63937290, 139.29582180
2020/01/16 11:26:18.330,  35.63937260, 139.29582150
2020/01/16 11:26:18.795,  35.63937370, 139.29582120
2020/01/16 11:26:19.327,  35.63937320, 139.29582110
2020/01/16 11:26:19.863,  35.63937370, 139.29582120
2020/01/16 11:26:20.376,  35.63937320, 139.29582130
2020/01/16 11:26:20.931,  35.63937330, 139.29582160
2020/01/16 11:26:21.415,  35.63937360, 139.29582210
2020/01/16 11:26:21.972,  35.63937280, 139.29582220
2020/01/16 11:26:22.492,  35.63937220, 139.29582250
2020/01/16 11:26:22.993,  35.63937160, 139.29582280
2020/01/16 11:26:23.614,  35.63937140, 139.29582320
2020/01/16 11:26:24.085,  35.63937250, 139.29582370
2020/01/16 11:26:24.609,  35.63937180, 139.29582470
2020/01/16 11:26:25.380,  35.63937100, 139.29582590
2020/01/16 11:26:25.676,  35.63937070, 139.29582670
2020/01/16 11:26:26.185,  35.63937000, 139.29582830
2020/01/16 11:26:26.823,  35.63936940, 139.29582990
2020/01/16 11:26:27.272,  35.63936910, 139.29583080
2020/01/16 11:26:27.979,  35.63936870, 139.29583260
2020/01/16 11:26:28.404,  35.63936840, 139.29583460
2020/01/16 11:26:29.054,  35.63936830, 139.29583570
2020/01/16 11:26:29.472,  35.63936830, 139.29583790
2020/01/16 11:26:30.031,  35.63936830, 139.29583900
2020/01/16 11:26:30.588,  35.63936900, 139.29584240
2020/01/16 11:26:31.136,  35.63936990, 139.29584480
2020/01/16 11:26:31.705,  35.63937260, 139.29584940
2020/01/16 11:26:32.351,  35.63937430, 139.29585110
2020/01/16 11:26:32.767,  35.63937760, 139.29585320
2020/01/16 11:26:33.362,  35.63938060, 139.29585460
2020/01/16 11:26:33.873,  35.63938470, 139.29585600
2020/01/16 11:26:34.578,  35.63938940, 139.29585720
2020/01/16 11:26:34.998,  35.63939330, 139.29585820
2020/01/16 11:26:35.672,  35.63939870, 139.29585920
2020/01/16 11:26:36.083,  35.63940320, 139.29586030
2020/01/16 11:26:36.743,  35.63940970, 139.29586210
2020/01/16 11:26:37.199,  35.63941420, 139.29586380
2020/01/16 11:26:37.873,  35.63941870, 139.29586620
2020/01/16 11:26:38.322,  35.63942170, 139.29586830
2020/01/16 11:26:38.860,  35.63942320, 139.29587080
2020/01/16 11:26:39.365,  35.63942470, 139.29587300
2020/01/16 11:26:39.946,  35.63942510, 139.29587570
2020/01/16 11:26:40.491,  35.63942600, 139.29587860
2020/01/16 11:26:41.059,  35.63942780, 139.29588180
2020/01/16 11:26:42.235,  35.63943010, 139.29588960
2020/01/16 11:26:43.274,  35.63943130, 139.29589700
2020/01/16 11:26:44.299,  35.63943100, 139.29590490
2020/01/16 11:26:44.825,  35.63942910, 139.29590810
2020/01/16 11:26:45.377,  35.63942800, 139.29591160
2020/01/16 11:26:45.980,  35.63942530, 139.29591330
2020/01/16 11:26:46.465,  35.63942160, 139.29591070
2020/01/16 11:26:46.989,  35.63941990, 139.29591000
2020/01/16 11:26:47.542,  35.63941680, 139.29590450
2020/01/16 11:26:48.045,  35.63941460, 139.29590530
2020/01/16 11:26:48.699,  35.63941150, 139.29590650
2020/01/16 11:26:49.172,  35.63940960, 139.29590700
2020/01/16 11:26:49.728,  35.63940680, 139.29590790
2020/01/16 11:26:50.229,  35.63940500, 139.29590830
2020/01/16 11:26:50.781,  35.63940220, 139.29590890
2020/01/16 11:26:51.336,  35.63940040, 139.29590930
2020/01/16 11:26:51.983,  35.63939700, 139.29591010
2020/01/16 11:26:52.402,  35.63939470, 139.29591060
2020/01/16 11:26:53.082,  35.63939330, 139.29591080
2020/01/16 11:26:53.471,  35.63939110, 139.29591100
2020/01/16 11:26:54.038,  35.63938980, 139.29591110
2020/01/16 11:26:54.576,  35.63938800, 139.29591100
2020/01/16 11:26:55.167,  35.63938790, 139.29591080
2020/01/16 11:26:55.686,  35.63938600, 139.29591040
2020/01/16 11:26:56.357,  35.63938510, 139.29591000
2020/01/16 11:26:56.777,  35.63938360, 139.29590880
2020/01/16 11:26:57.347,  35.63938260, 139.29590660
2020/01/16 11:26:57.871,  35.63938190, 139.29590390
2020/01/16 11:26:58.437,  35.63938160, 139.29590090
2020/01/16 11:26:58.925,  35.63938180, 139.29589840
2020/01/16 11:26:59.533,  35.63938220, 139.29589440
2020/01/16 11:27:00.042,  35.63938290, 139.29589120
2020/01/16 11:27:00.563,  35.63938380, 139.29588710
2020/01/16 11:27:01.110,  35.63938470, 139.29588390
2020/01/16 11:27:01.676,  35.63938600, 139.29588010
2020/01/16 11:27:02.214,  35.63938750, 139.29587640
2020/01/16 11:27:02.837,  35.63938930, 139.29587250
2020/01/16 11:27:03.284,  35.63939130, 139.29586900
2020/01/16 11:27:03.849,  35.63939400, 139.29586630
2020/01/16 11:27:04.353,  35.63939670, 139.29586320
2020/01/16 11:27:04.918,  35.63940030, 139.29586150
2020/01/16 11:27:05.959,  35.63940480, 139.29586110
2020/01/16 11:27:06.369,  35.63940830, 139.29585890
2020/01/16 11:27:07.000,  35.63941230, 139.29585820
2020/01/16 11:27:07.238,  35.63941600, 139.29585560
2020/01/16 11:27:08.075,  35.63941940, 139.29585520
2020/01/16 11:27:08.379,  35.63942260, 139.29585210
2020/01/16 11:27:09.143,  35.63942470, 139.29585000
2020/01/16 11:27:09.675,  35.63942550, 139.29584830
2020/01/16 11:27:10.229,  35.63942650, 139.29584540
2020/01/16 11:27:10.749,  35.63942600, 139.29584350
2020/01/16 11:27:11.372,  35.63942660, 139.29584010
2020/01/16 11:27:11.819,  35.63942600, 139.29583700
2020/01/16 11:27:12.348,  35.63942650, 139.29583260
2020/01/16 11:27:12.848,  35.63942470, 139.29582990
2020/01/16 11:27:13.371,  35.63942450, 139.29582600
2020/01/16 11:27:13.902,  35.63942320, 139.29582330
2020/01/16 11:27:14.438,  35.63942220, 139.29582020
2020/01/16 11:27:14.976,  35.63942170, 139.29581570
2020/01/16 11:27:15.512,  35.63942040, 139.29581270
2020/01/16 11:27:16.033,  35.63941930, 139.29580900
2020/01/16 11:27:16.637,  35.63941780, 139.29580970
2020/01/16 11:27:17.110,  35.63941690, 139.29581360
2020/01/16 11:27:17.620,  35.63941530, 139.29582360
2020/01/16 11:27:18.127,  35.63941420, 139.29582470
2020/01/16 11:27:18.786,  35.63941270, 139.29582600
2020/01/16 11:27:19.229,  35.63941140, 139.29582640
2020/01/16 11:27:19.794,  35.63940960, 139.29582700
2020/01/16 11:27:20.281,  35.63940810, 139.29582730
2020/01/16 11:27:20.830,  35.63940560, 139.29582770
2020/01/16 11:27:21.339,  35.63940340, 139.29582800
2020/01/16 11:27:21.877,  35.63940030, 139.29582850
2020/01/16 11:27:22.413,  35.63939760, 139.29582890
2020/01/16 11:27:22.946,  35.63939560, 139.29582910
2020/01/16 11:27:23.488,  35.63939340, 139.29582920
2020/01/16 11:27:24.130,  35.63939140, 139.29582940
2020/01/16 11:27:24.565,  35.63938940, 139.29582980
2020/01/16 11:27:25.162,  35.63938800, 139.29583020
2020/01/16 11:27:25.603,  35.63938830, 139.29583110
2020/01/16 11:27:26.361,  35.63938930, 139.29583230
2020/01/16 11:27:26.630,  35.63938930, 139.29583350
2020/01/16 11:27:27.318,  35.63938900, 139.29583480
2020/01/16 11:27:28.358,  35.63938770, 139.29583900
2020/01/16 11:27:29.315,  35.63938670, 139.29584220
2020/01/16 11:27:29.872,  35.63938630, 139.29584550
2020/01/16 11:27:30.374,  35.63938630, 139.29584850
2020/01/16 11:27:30.904,  35.63938640, 139.29585350
2020/01/16 11:27:31.365,  35.63938690, 139.29585760
2020/01/16 11:27:31.967,  35.63938780, 139.29586210
2020/01/16 11:27:32.394,  35.63938880, 139.29586520
2020/01/16 11:27:33.048,  35.63939020, 139.29586780
2020/01/16 11:27:33.714,  35.63939260, 139.29587010
2020/01/16 11:27:34.134,  35.63939500, 139.29587310
2020/01/16 11:27:34.787,  35.63939830, 139.29587530
2020/01/16 11:27:35.207,  35.63940140, 139.29587770
2020/01/16 11:27:35.765,  35.63940520, 139.29587920
2020/01/16 11:27:36.300,  35.63940870, 139.29588130
2020/01/16 11:27:36.852,  35.63941250, 139.29588220
2020/01/16 11:27:37.946,  35.63941970, 139.29588430
2020/01/16 11:27:39.056,  35.63942630, 139.29588620
2020/01/16 11:27:40.132,  35.63942930, 139.29588970
2020/01/16 11:27:40.617,  35.63942840, 139.29589130
2020/01/16 11:27:41.307,  35.63942920, 139.29589410
2020/01/16 11:27:41.711,  35.63942820, 139.29589680
2020/01/16 11:27:42.278,  35.63942840, 139.29590010
2020/01/16 11:27:42.814,  35.63942650, 139.29590280
2020/01/16 11:27:43.361,  35.63942470, 139.29590530
2020/01/16 11:27:43.873,  35.63942330, 139.29590790
2020/01/16 11:27:44.531,  35.63942210, 139.29591110
2020/01/16 11:27:44.951,  35.63942160, 139.29591520
2020/01/16 11:27:45.520,  35.63942000, 139.29591840
2020/01/16 11:27:46.010,  35.63941900, 139.29592150
2020/01/16 11:27:46.747,  35.63941710, 139.29592310
2020/01/16 11:27:47.367,  35.63941600, 139.29592330
2020/01/16 11:27:47.733,  35.63941480, 139.29591570
2020/01/16 11:27:48.266,  35.63941350, 139.29591430
2020/01/16 11:27:48.803,  35.63941070, 139.29591220
2020/01/16 11:27:49.358,  35.63940930, 139.29591200
2020/01/16 11:27:50.019,  35.63940700, 139.29591150
2020/01/16 11:27:51.058,  35.63940290, 139.29591040
2020/01/16 11:27:52.018,  35.63939930, 139.29590930
2020/01/16 11:27:52.369,  35.63939730, 139.29590870
2020/01/16 11:27:53.124,  35.63939460, 139.29590790
2020/01/16 11:27:53.380,  35.63939270, 139.29590730
2020/01/16 11:27:54.216,  35.63938950, 139.29590640
2020/01/16 11:27:54.739,  35.63938700, 139.29590570
2020/01/16 11:27:55.310,  35.63938490, 139.29590510
2020/01/16 11:27:55.861,  35.63938240, 139.29590430
2020/01/16 11:27:56.365,  35.63938070, 139.29590350
2020/01/16 11:27:56.947,  35.63938130, 139.29590230
2020/01/16 11:27:57.356,  35.63938170, 139.29590120
2020/01/16 11:27:58.077,  35.63938160, 139.29589890
2020/01/16 11:27:58.382,  35.63938140, 139.29589660
2020/01/16 11:27:59.147,  35.63938120, 139.29589190
2020/01/16 11:27:59.724,  35.63938140, 139.29588810
2020/01/16 11:28:00.193,  35.63938200, 139.29588460
2020/01/16 11:28:00.897,  35.63938270, 139.29588060
2020/01/16 11:28:01.288,  35.63938370, 139.29587730
2020/01/16 11:28:01.862,  35.63938470, 139.29587400
2020/01/16 11:28:02.343,  35.63938600, 139.29587090
2020/01/16 11:28:02.912,  35.63938770, 139.29586750
2020/01/16 11:28:03.424,  35.63938950, 139.29586410
2020/01/16 11:28:04.003,  35.63939160, 139.29586060
2020/01/16 11:28:05.178,  35.63939600, 139.29585500
2020/01/16 11:28:05.598,  35.63939860, 139.29585450
2020/01/16 11:28:06.120,  35.63940150, 139.29585310
2020/01/16 11:28:06.641,  35.63940480, 139.29585340
2020/01/16 11:28:07.176,  35.63940800, 139.29585220
2020/01/16 11:28:07.715,  35.63941170, 139.29585280
2020/01/16 11:28:08.264,  35.63941520, 139.29585210
2020/01/16 11:28:08.739,  35.63941880, 139.29585310
2020/01/16 11:28:09.304,  35.63942290, 139.29585340
2020/01/16 11:28:10.369,  35.63942670, 139.29585350
2020/01/16 11:28:11.363,  35.63943190, 139.29585050
2020/01/16 11:28:12.026,  35.63943400, 139.29584810
2020/01/16 11:28:12.369,  35.63943670, 139.29584530
2020/01/16 11:28:13.007,  35.63943790, 139.29584220
2020/01/16 11:28:13.363,  35.63943980, 139.29583860
2020/01/16 11:28:14.048,  35.63944010, 139.29583510
2020/01/16 11:28:14.359,  35.63944050, 139.29583150
2020/01/16 11:28:15.071,  35.63944110, 139.29582770
2020/01/16 11:28:15.567,  35.63944170, 139.29582400
2020/01/16 11:28:16.104,  35.63944290, 139.29581940
2020/01/16 11:28:16.597,  35.63944280, 139.29581520
2020/01/16 11:28:17.100,  35.63944240, 139.29581090
2020/01/16 11:28:18.125,  35.63943900, 139.29581220
2020/01/16 11:28:18.363,  35.63943900, 139.29581520
2020/01/16 11:28:19.169,  35.63943790, 139.29582180
2020/01/16 11:28:20.242,  35.63943490, 139.29582700
2020/01/16 11:28:20.701,  35.63943330, 139.29582800
2020/01/16 11:28:21.216,  35.63943240, 139.29582800
2020/01/16 11:28:21.835,  35.63943060, 139.29582860
2020/01/16 11:28:22.255,  35.63942960, 139.29582850
2020/01/16 11:28:22.842,  35.63942760, 139.29582880
2020/01/16 11:28:23.296,  35.63942630, 139.29582860
2020/01/16 11:28:23.833,  35.63942400, 139.29582890
2020/01/16 11:28:24.492,  35.63942090, 139.29582960
2020/01/16 11:28:24.959,  35.63941950, 139.29582970
2020/01/16 11:28:26.000,  35.63941660, 139.29583050
2020/01/16 11:28:26.374,  35.63941570, 139.29583090
2020/01/16 11:28:27.029,  35.63941380, 139.29583210
2020/01/16 11:28:27.379,  35.63941240, 139.29583310
2020/01/16 11:28:28.065,  35.63941050, 139.29583500
2020/01/16 11:28:28.368,  35.63940940, 139.29583640
2020/01/16 11:28:29.138,  35.63940790, 139.29583900
2020/01/16 11:28:29.548,  35.63940670, 139.29584210
2020/01/16 11:28:30.147,  35.63940570, 139.29584560
2020/01/16 11:28:30.587,  35.63940580, 139.29584870
2020/01/16 11:28:31.238,  35.63940600, 139.29585100
2020/01/16 11:28:31.629,  35.63940660, 139.29585430
2020/01/16 11:28:32.262,  35.63940720, 139.29585780
2020/01/16 11:28:33.207,  35.63940890, 139.29586240
2020/01/16 11:28:34.209,  35.63941260, 139.29587100
2020/01/16 11:28:34.664,  35.63941530, 139.29587590
2020/01/16 11:28:35.369,  35.63941820, 139.29588040
2020/01/16 11:28:35.768,  35.63942130, 139.29588470
2020/01/16 11:28:36.275,  35.63942420, 139.29588920
2020/01/16 11:28:36.813,  35.63942700, 139.29589260
2020/01/16 11:28:37.370,  35.63942920, 139.29589670
2020/01/16 11:28:37.891,  35.63943030, 139.29589980
2020/01/16 11:28:38.407,  35.63943010, 139.29590250
2020/01/16 11:28:38.929,  35.63943020, 139.29590610
2020/01/16 11:28:39.447,  35.63942890, 139.29590910
2020/01/16 11:28:39.973,  35.63942740, 139.29591240
2020/01/16 11:28:40.587,  35.63942540, 139.29591520
2020/01/16 11:28:41.008,  35.63942420, 139.29591870
2020/01/16 11:28:41.553,  35.63942150, 139.29592070
2020/01/16 11:28:42.036,  35.63941970, 139.29592440
2020/01/16 11:28:42.609,  35.63941650, 139.29592680
2020/01/16 11:28:43.379,  35.63941340, 139.29592880
2020/01/16 11:28:43.712,  35.63941100, 139.29593170
2020/01/16 11:28:44.404,  35.63940770, 139.29593160
2020/01/16 11:28:45.162,  35.63940460, 139.29592570
2020/01/16 11:28:45.365,  35.63940190, 139.29592040
2020/01/16 11:28:46.261,  35.63939910, 139.29591730
2020/01/16 11:28:46.751,  35.63939620, 139.29591460
2020/01/16 11:28:47.273,  35.63939360, 139.29591340
2020/01/16 11:28:47.831,  35.63939120, 139.29591030
2020/01/16 11:28:48.372,  35.63938870, 139.29590850
2020/01/16 11:28:48.967,  35.63938670, 139.29590510
2020/01/16 11:28:49.355,  35.63938440, 139.29590280
2020/01/16 11:28:49.992,  35.63938250, 139.29589900
2020/01/16 11:28:50.421,  35.63938110, 139.29589430
2020/01/16 11:28:50.944,  35.63937900, 139.29589160
2020/01/16 11:28:51.490,  35.63937730, 139.29588810
2020/01/16 11:28:52.123,  35.63937500, 139.29588510
2020/01/16 11:28:52.545,  35.63937330, 139.29588170
2020/01/16 11:28:53.134,  35.63937150, 139.29587890
2020/01/16 11:28:53.667,  35.63937140, 139.29587530
2020/01/16 11:28:54.257,  35.63937170, 139.29587210
2020/01/16 11:28:54.705,  35.63937380, 139.29586860
2020/01/16 11:28:55.269,  35.63937430, 139.29586550
2020/01/16 11:28:56.326,  35.63937840, 139.29586180
2020/01/16 11:28:56.803,  35.63938100, 139.29585840
2020/01/16 11:28:57.365,  35.63938290, 139.29585500
2020/01/16 11:28:57.832,  35.63938600, 139.29585210
2020/01/16 11:28:58.365,  35.63938830, 139.29584900
2020/01/16 11:28:58.929,  35.63939180, 139.29584680
2020/01/16 11:28:59.363,  35.63939450, 139.29584410
2020/01/16 11:29:00.365,  35.63940050, 139.29583980
2020/01/16 11:29:00.957,  35.63940500, 139.29584160
2020/01/16 11:29:01.527,  35.63940910, 139.29584170
2020/01/16 11:29:02.368,  35.63941330, 139.29584260
2020/01/16 11:29:02.655,  35.63941730, 139.29584240
2020/01/16 11:29:03.360,  35.63942160, 139.29584540
2020/01/16 11:29:04.063,  35.63942580, 139.29584890
2020/01/16 11:29:04.369,  35.63942980, 139.29585020
2020/01/16 11:29:05.106,  35.63943340, 139.29585420
2020/01/16 11:29:05.601,  35.63943700, 139.29585760
2020/01/16 11:29:06.107,  35.63944060, 139.29586080
2020/01/16 11:29:06.615,  35.63944460, 139.29586350
2020/01/16 11:29:07.136,  35.63944850, 139.29586470
2020/01/16 11:29:07.672,  35.63945130, 139.29586620
2020/01/16 11:29:08.175,  35.63945520, 139.29586660
2020/01/16 11:29:08.781,  35.63945830, 139.29586690
2020/01/16 11:29:09.386,  35.63946080, 139.29586670
2020/01/16 11:29:10.229,  35.63946310, 139.29586560
2020/01/16 11:29:10.816,  35.63946530, 139.29586380
2020/01/16 11:29:11.216,  35.63946720, 139.29586130
2020/01/16 11:29:11.752,  35.63946870, 139.29585840
2020/01/16 11:29:12.227,  35.63947130, 139.29585540
2020/01/16 11:29:12.867,  35.63947210, 139.29585190
2020/01/16 11:29:13.370,  35.63947250, 139.29584830
2020/01/16 11:29:14.339,  35.63947220, 139.29584450
2020/01/16 11:29:14.967,  35.63947120, 139.29583710
2020/01/16 11:29:15.883,  35.63946380, 139.29583570
2020/01/16 11:29:16.374,  35.63946060, 139.29583440
2020/01/16 11:29:17.047,  35.63945770, 139.29583490
2020/01/16 11:29:17.365,  35.63945640, 139.29583400
2020/01/16 11:29:18.066,  35.63945370, 139.29583460
2020/01/16 11:29:18.467,  35.63945100, 139.29583490
2020/01/16 11:29:19.057,  35.63944950, 139.29583410
2020/01/16 11:29:19.561,  35.63944690, 139.29583420
2020/01/16 11:29:20.401,  35.63944430, 139.29583410
2020/01/16 11:29:21.072,  35.63944190, 139.29583380
2020/01/16 11:29:21.352,  35.63944030, 139.29583310
2020/01/16 11:29:22.112,  35.63943740, 139.29583350
2020/01/16 11:29:22.633,  35.63943520, 139.29583420
2020/01/16 11:29:23.255,  35.63943370, 139.29583460
2020/01/16 11:29:23.674,  35.63943160, 139.29583570
2020/01/16 11:29:24.295,  35.63943010, 139.29583600
2020/01/16 11:29:24.716,  35.63942800, 139.29583700
2020/01/16 11:29:25.358,  35.63942640, 139.29583870
2020/01/16 11:29:25.757,  35.63942410, 139.29584140
2020/01/16 11:29:26.367,  35.63942240, 139.29584370
2020/01/16 11:29:27.360,  35.63941910, 139.29584770
2020/01/16 11:29:28.360,  35.63941610, 139.29585320
2020/01/16 11:29:28.849,  35.63941450, 139.29585610
2020/01/16 11:29:29.371,  35.63941370, 139.29585840
2020/01/16 11:29:29.893,  35.63941280, 139.29586140
2020/01/16 11:29:30.362,  35.63941260, 139.29586550
2020/01/16 11:29:30.906,  35.63941300, 139.29586950
2020/01/16 11:29:31.413,  35.63941450, 139.29587470
2020/01/16 11:29:31.952,  35.63941640, 139.29587960
2020/01/16 11:29:32.456,  35.63941850, 139.29588310
2020/01/16 11:29:32.978,  35.63942070, 139.29588730
2020/01/16 11:29:33.597,  35.63942250, 139.29588970
2020/01/16 11:29:34.364,  35.63942350, 139.29589150
2020/01/16 11:29:35.025,  35.63942430, 139.29589330
2020/01/16 11:29:35.363,  35.63942540, 139.29589710
2020/01/16 11:29:36.066,  35.63942510, 139.29589930
2020/01/16 11:29:36.373,  35.63942460, 139.29590240
2020/01/16 11:29:37.109,  35.63942190, 139.29590190
2020/01/16 11:29:37.695,  35.63941940, 139.29590140
2020/01/16 11:29:38.200,  35.63941740, 139.29590260
2020/01/16 11:29:38.835,  35.63941510, 139.29590130
2020/01/16 11:29:39.255,  35.63941250, 139.29590230
2020/01/16 11:29:39.894,  35.63941010, 139.29590040
2020/01/16 11:29:40.353,  35.63940720, 139.29589920
2020/01/16 11:29:40.918,  35.63940390, 139.29590050
2020/01/16 11:29:41.726,  35.63940200, 139.29589850
2020/01/16 11:29:42.363,  35.63939970, 139.29589860
2020/01/16 11:29:42.884,  35.63939790, 139.29589780
2020/01/16 11:29:43.354,  35.63939530, 139.29589650
2020/01/16 11:29:43.957,  35.63939450, 139.29589280
2020/01/16 11:29:44.364,  35.63939300, 139.29589250
2020/01/16 11:29:44.984,  35.63939400, 139.29589090
2020/01/16 11:29:45.502,  35.63939480, 139.29588930
2020/01/16 11:29:46.023,  35.63939420, 139.29588850
2020/01/16 11:29:46.546,  35.63939480, 139.29588650
2020/01/16 11:29:47.080,  35.63939530, 139.29588460
2020/01/16 11:29:48.064,  35.63939590, 139.29588190
2020/01/16 11:29:48.358,  35.63939520, 139.29588080
2020/01/16 11:29:49.111,  35.63939500, 139.29587900
2020/01/16 11:29:49.370,  35.63939450, 139.29587780
2020/01/16 11:29:50.163,  35.63939450, 139.29587600
2020/01/16 11:29:50.627,  35.63939440, 139.29587410
2020/01/16 11:29:51.176,  35.63939390, 139.29587280
2020/01/16 11:29:51.700,  35.63939400, 139.29587100
2020/01/16 11:29:52.353,  35.63939490, 139.29586930
2020/01/16 11:29:52.767,  35.63939540, 139.29586760
2020/01/16 11:29:53.304,  35.63939560, 139.29586640
2020/01/16 11:29:53.813,  35.63939610, 139.29586540
2020/01/16 11:29:54.386,  35.63939670, 139.29586450
2020/01/16 11:29:55.357,  35.63939760, 139.29586370
2020/01/16 11:29:55.893,  35.63939930, 139.29586240
2020/01/16 11:29:56.370,  35.63940100, 139.29586090
2020/01/16 11:29:56.906,  35.63940430, 139.29585890
2020/01/16 11:29:57.392,  35.63940690, 139.29585730
2020/01/16 11:29:57.976,  35.63941150, 139.29585550
2020/01/16 11:29:58.358,  35.63941470, 139.29585410
2020/01/16 11:29:59.036,  35.63941880, 139.29585310
2020/01/16 11:29:59.556,  35.63942250, 139.29585270
2020/01/16 11:30:00.081,  35.63942580, 139.29585230
2020/01/16 11:30:00.713,  35.63942900, 139.29585400
2020/01/16 11:30:01.142,  35.63943170, 139.29585480
2020/01/16 11:30:01.666,  35.63943420, 139.29585700
2020/01/16 11:30:02.188,  35.63943700, 139.29585820
2020/01/16 11:30:02.707,  35.63943950, 139.29586160
2020/01/16 11:30:03.363,  35.63944270, 139.29586440
2020/01/16 11:30:03.736,  35.63944570, 139.29586640
2020/01/16 11:30:04.377,  35.63944830, 139.29586950
2020/01/16 11:30:04.794,  35.63945190, 139.29587220
2020/01/16 11:30:05.371,  35.63945570, 139.29587600
2020/01/16 11:30:05.862,  35.63945880, 139.29587800
2020/01/16 11:30:06.808,  35.63946110, 139.29587940
2020/01/16 11:30:07.308,  35.63946470, 139.29588020
2020/01/16 11:30:07.668,  35.63946780, 139.29587960
2020/01/16 11:30:08.320,  35.63947100, 139.29587850
2020/01/16 11:30:08.910,  35.63947430, 139.29587710
2020/01/16 11:30:09.307,  35.63947840, 139.29587620
2020/01/16 11:30:09.815,  35.63948180, 139.29587410
2020/01/16 11:30:10.302,  35.63948550, 139.29587260
2020/01/16 11:30:11.275,  35.63948730, 139.29586970
2020/01/16 11:30:12.282,  35.63949360, 139.29586400
2020/01/16 11:30:12.757,  35.63949070, 139.29586090
2020/01/16 11:30:13.310,  35.63948510, 139.29585830
2020/01/16 11:30:13.806,  35.63948140, 139.29585580
2020/01/16 11:30:14.368,  35.63948080, 139.29585310
2020/01/16 11:30:14.835,  35.63947880, 139.29585150
2020/01/16 11:30:15.339,  35.63947820, 139.29584990
2020/01/16 11:30:15.882,  35.63947610, 139.29584840
2020/01/16 11:30:16.397,  35.63947370, 139.29584590
2020/01/16 11:30:16.916,  35.63947250, 139.29584360
2020/01/16 11:30:17.840,  35.63946950, 139.29584110
2020/01/16 11:30:18.361,  35.63946760, 139.29583890
2020/01/16 11:30:18.966,  35.63946580, 139.29583660
2020/01/16 11:30:19.373,  35.63946450, 139.29583420
2020/01/16 11:30:20.104,  35.63946260, 139.29583250
2020/01/16 11:30:20.360,  35.63946100, 139.29583320
2020/01/16 11:30:20.997,  35.63945890, 139.29583420
2020/01/16 11:30:21.506,  35.63945660, 139.29583410
2020/01/16 11:30:22.105,  35.63945480, 139.29583370
2020/01/16 11:30:22.930,  35.63945130, 139.29583480
2020/01/16 11:30:23.145,  35.63944900, 139.29583550
2020/01/16 11:30:24.088,  35.63944500, 139.29583790
2020/01/16 11:30:24.361,  35.63944290, 139.29583910
2020/01/16 11:30:25.104,  35.63944040, 139.29584100
2020/01/16 11:30:25.369,  35.63943870, 139.29584250
2020/01/16 11:30:26.186,  35.63943670, 139.29584490
2020/01/16 11:30:26.611,  35.63943480, 139.29584700
2020/01/16 11:30:27.231,  35.63943410, 139.29585010
2020/01/16 11:30:27.713,  35.63943350, 139.29585360
2020/01/16 11:30:28.217,  35.63943460, 139.29585950
2020/01/16 11:30:29.140,  35.63943570, 139.29586480
2020/01/16 11:30:29.360,  35.63943790, 139.29587050
2020/01/16 11:30:30.247,  35.63943940, 139.29587410
2020/01/16 11:30:30.634,  35.63944060, 139.29587700
2020/01/16 11:30:31.192,  35.63944220, 139.29588190
2020/01/16 11:30:31.703,  35.63944260, 139.29588490
2020/01/16 11:30:32.296,  35.63944330, 139.29588920
2020/01/16 11:30:32.746,  35.63944220, 139.29589150
2020/01/16 11:30:33.309,  35.63944100, 139.29589650
2020/01/16 11:30:34.332,  35.63943660, 139.29589490
2020/01/16 11:30:35.378,  35.63943220, 139.29589640
2020/01/16 11:30:35.873,  35.63942910, 139.29589690
2020/01/16 11:30:36.368,  35.63942550, 139.29589950
2020/01/16 11:30:36.898,  35.63942210, 139.29589980
2020/01/16 11:30:37.369,  35.63941890, 139.29590150
2020/01/16 11:30:37.938,  35.63941620, 139.29590110
2020/01/16 11:30:38.378,  35.63941380, 139.29590180
2020/01/16 11:30:38.946,  35.63941240, 139.29590030
2020/01/16 11:30:39.518,  35.63941220, 139.29589710
2020/01/16 11:30:40.021,  35.63941140, 139.29589600
2020/01/16 11:30:40.527,  35.63941110, 139.29589360
2020/01/16 11:30:41.031,  35.63941060, 139.29589190
2020/01/16 11:30:42.048,  35.63941040, 139.29588890
2020/01/16 11:30:42.356,  35.63940980, 139.29588740
2020/01/16 11:30:43.093,  35.63940910, 139.29588550
2020/01/16 11:30:43.365,  35.63940830, 139.29588430
2020/01/16 11:30:44.018,  35.63940730, 139.29588270
2020/01/16 11:30:44.691,  35.63940610, 139.29588090
2020/01/16 11:30:45.086,  35.63940520, 139.29587960
2020/01/16 11:30:45.594,  35.63940420, 139.29587820
2020/01/16 11:30:46.127,  35.63940350, 139.29587690
2020/01/16 11:30:46.704,  35.63940280, 139.29587550
2020/01/16 11:30:47.172,  35.63940270, 139.29587420
2020/01/16 11:30:48.224,  35.63940220, 139.29587170
2020/01/16 11:30:48.785,  35.63940200, 139.29587040
2020/01/16 11:30:49.292,  35.63940210, 139.29586920
2020/01/16 11:30:50.279,  35.63940290, 139.29586680
2020/01/16 11:30:50.917,  35.63940530, 139.29586190
2020/01/16 11:30:51.875,  35.63940880, 139.29585750
2020/01/16 11:30:52.383,  35.63941140, 139.29585440
2020/01/16 11:30:52.915,  35.63941520, 139.29585110
2020/01/16 11:30:53.373,  35.63941850, 139.29584790
2020/01/16 11:30:53.909,  35.63942240, 139.29584530
2020/01/16 11:30:54.361,  35.63942640, 139.29584320
2020/01/16 11:30:55.064,  35.63943050, 139.29584150
2020/01/16 11:30:55.388,  35.63943400, 139.29584030
2020/01/16 11:30:56.056,  35.63943820, 139.29584090
2020/01/16 11:30:56.529,  35.63944210, 139.29584240
2020/01/16 11:30:57.150,  35.63944620, 139.29584250
2020/01/16 11:30:58.166,  35.63945370, 139.29584540
2020/01/16 11:30:59.127,  35.63945550, 139.29584940
2020/01/16 11:31:00.219,  35.63946140, 139.29585260
2020/01/16 11:31:01.260,  35.63946850, 139.29585280
2020/01/16 11:31:01.679,  35.63947080, 139.29585180
2020/01/16 11:31:02.335,  35.63947410, 139.29585050
2020/01/16 11:31:02.754,  35.63947530, 139.29584810
2020/01/16 11:31:03.376,  35.63947800, 139.29584580
2020/01/16 11:31:03.764,  35.63947840, 139.29584250
2020/01/16 11:31:04.306,  35.63948040, 139.29583930
2020/01/16 11:31:05.310,  35.63947580, 139.29583470
2020/01/16 11:31:05.793,  35.63947500, 139.29583180
2020/01/16 11:31:06.326,  35.63947590, 139.29582870
2020/01/16 11:31:06.834,  35.63947450, 139.29582550
2020/01/16 11:31:07.376,  35.63947390, 139.29582190
2020/01/16 11:31:07.826,  35.63947020, 139.29582140
2020/01/16 11:31:08.326,  35.63946920, 139.29582450
2020/01/16 11:31:08.841,  35.63946590, 139.29582850
2020/01/16 11:31:09.357,  35.63946480, 139.29582900
2020/01/16 11:31:10.367,  35.63945810, 139.29582870
2020/01/16 11:31:10.884,  35.63945580, 139.29582830
2020/01/16 11:31:11.370,  35.63945500, 139.29582810
2020/01/16 11:31:11.910,  35.63945260, 139.29582780
2020/01/16 11:31:12.379,  35.63945170, 139.29582770
2020/01/16 11:31:12.917,  35.63944930, 139.29582750
2020/01/16 11:31:13.368,  35.63944830, 139.29582740
2020/01/16 11:31:13.966,  35.63944590, 139.29582730
2020/01/16 11:31:14.475,  35.63944370, 139.29582720
2020/01/16 11:31:15.012,  35.63944140, 139.29582720
2020/01/16 11:31:15.972,  35.63943820, 139.29582730
2020/01/16 11:31:16.372,  35.63943700, 139.29582730
2020/01/16 11:31:17.031,  35.63943500, 139.29582740
2020/01/16 11:31:17.383,  35.63943410, 139.29582750
2020/01/16 11:31:18.046,  35.63943250, 139.29582770
2020/01/16 11:31:18.639,  35.63943110, 139.29582790
2020/01/16 11:31:19.087,  35.63943030, 139.29582810
2020/01/16 11:31:19.696,  35.63942900, 139.29582930
2020/01/16 11:31:20.069,  35.63942780, 139.29583170
2020/01/16 11:31:20.606,  35.63942690, 139.29583380
2020/01/16 11:31:21.123,  35.63942660, 139.29583520
2020/01/16 11:31:21.727,  35.63942610, 139.29583710
2020/01/16 11:31:22.366,  35.63942590, 139.29583910
2020/01/16 11:31:23.166,  35.63942630, 139.29584150
2020/01/16 11:31:23.362,  35.63942690, 139.29584350
2020/01/16 11:31:24.163,  35.63942820, 139.29584640
2020/01/16 11:31:24.786,  35.63943000, 139.29584910
2020/01/16 11:31:25.206,  35.63943210, 139.29585170
2020/01/16 11:31:25.807,  35.63943440, 139.29585460
2020/01/16 11:31:26.307,  35.63943690, 139.29585790
2020/01/16 11:31:26.828,  35.63943870, 139.29586070
2020/01/16 11:31:27.366,  35.63944000, 139.29586330
2020/01/16 11:31:27.856,  35.63944150, 139.29586650
2020/01/16 11:31:28.783,  35.63944140, 139.29586910
2020/01/16 11:31:29.300,  35.63944250, 139.29587320
2020/01/16 11:31:29.783,  35.63944120, 139.29587650
2020/01/16 11:31:30.329,  35.63943900, 139.29587920
2020/01/16 11:31:30.949,  35.63943690, 139.29588170
2020/01/16 11:31:31.314,  35.63943600, 139.29588550
2020/01/16 11:31:31.964,  35.63943360, 139.29588760
2020/01/16 11:31:32.357,  35.63943240, 139.29589090
2020/01/16 11:31:32.876,  35.63943030, 139.29589140
2020/01/16 11:31:33.383,  35.63942920, 139.29589290
2020/01/16 11:31:34.365,  35.63942670, 139.29588980
2020/01/16 11:31:34.893,  35.63942450, 139.29588600
2020/01/16 11:31:35.928,  35.63941990, 139.29587950
2020/01/16 11:31:36.366,  35.63941820, 139.29587880
2020/01/16 11:31:36.940,  35.63941590, 139.29587700
2020/01/16 11:31:37.406,  35.63941410, 139.29587600
2020/01/16 11:31:37.926,  35.63941180, 139.29587390
2020/01/16 11:31:38.417,  35.63940960, 139.29587180
2020/01/16 11:31:39.039,  35.63940770, 139.29587030
2020/01/16 11:31:39.995,  35.63940530, 139.29586760
2020/01/16 11:31:40.986,  35.63940140, 139.29586350
2020/01/16 11:31:41.376,  35.63939960, 139.29586190
2020/01/16 11:31:41.993,  35.63939780, 139.29586000
2020/01/16 11:31:42.526,  35.63939650, 139.29585800
2020/01/16 11:31:43.135,  35.63939820, 139.29585620
2020/01/16 11:31:43.567,  35.63939930, 139.29585420
2020/01/16 11:31:44.368,  35.63939980, 139.29585220
2020/01/16 11:31:45.017,  35.63940030, 139.29585030
2020/01/16 11:31:45.369,  35.63940080, 139.29584840
2020/01/16 11:31:46.056,  35.63940200, 139.29584680
2020/01/16 11:31:46.364,  35.63940280, 139.29584520
2020/01/16 11:31:47.047,  35.63940450, 139.29584290
2020/01/16 11:31:47.570,  35.63940670, 139.29584030
2020/01/16 11:31:48.088,  35.63940860, 139.29583810
2020/01/16 11:31:48.588,  35.63941090, 139.29583640
2020/01/16 11:31:49.246,  35.63941290, 139.29583460
2020/01/16 11:31:49.632,  35.63941530, 139.29583370
2020/01/16 11:31:50.267,  35.63941770, 139.29583270
2020/01/16 11:31:51.296,  35.63942250, 139.29583550
2020/01/16 11:31:52.202,  35.63942420, 139.29583990
2020/01/16 11:31:53.206,  35.63942940, 139.29584270
2020/01/16 11:31:53.713,  35.63943340, 139.29584420
2020/01/16 11:31:54.234,  35.63943710, 139.29584500
2020/01/16 11:31:54.723,  35.63944100, 139.29584650
2020/01/16 11:31:55.348,  35.63944490, 139.29584720
2020/01/16 11:31:55.783,  35.63944880, 139.29584820
2020/01/16 11:31:56.354,  35.63945260, 139.29584880
2020/01/16 11:31:57.364,  35.63945560, 139.29584860
2020/01/16 11:31:58.369,  35.63946000, 139.29584550
2020/01/16 11:31:59.357,  35.63946230, 139.29584060
2020/01/16 11:31:59.828,  35.63946230, 139.29583730
2020/01/16 11:32:00.370,  35.63946390, 139.29583410
2020/01/16 11:32:00.872,  35.63946340, 139.29583080
2020/01/16 11:32:01.364,  35.63946280, 139.29582770
2020/01/16 11:32:01.886,  35.63945880, 139.29582530
2020/01/16 11:32:02.380,  35.63945710, 139.29582270
2020/01/16 11:32:02.881,  35.63945370, 139.29582160
2020/01/16 11:32:03.436,  35.63945150, 139.29582210
2020/01/16 11:32:04.377,  35.63944970, 139.29582410
2020/01/16 11:32:04.879,  35.63944780, 139.29582550
2020/01/16 11:32:05.368,  35.63944690, 139.29582520
2020/01/16 11:32:05.894,  35.63944490, 139.29582620
2020/01/16 11:32:06.362,  35.63944300, 139.29582690
2020/01/16 11:32:06.933,  35.63944130, 139.29582740
2020/01/16 11:32:07.418,  35.63943960, 139.29582760
2020/01/16 11:32:08.374,  35.63943800, 139.29582770
2020/01/16 11:32:08.908,  35.63943640, 139.29582760
2020/01/16 11:32:09.367,  35.63943550, 139.29582740
2020/01/16 11:32:09.944,  35.63943400, 139.29582820
2020/01/16 11:32:10.366,  35.63943310, 139.29582830
2020/01/16 11:32:10.946,  35.63943160, 139.29582850
2020/01/16 11:32:11.447,  35.63942970, 139.29582880
2020/01/16 11:32:11.968,  35.63942880, 139.29582910
2020/01/16 11:32:12.535,  35.63942750, 139.29582960
2020/01/16 11:32:13.363,  35.63942620, 139.29583020
2020/01/16 11:32:13.911,  35.63942440, 139.29583130
2020/01/16 11:32:14.354,  35.63942280, 139.29583250
2020/01/16 11:32:14.938,  35.63942090, 139.29583420
2020/01/16 11:32:15.408,  35.63941890, 139.29583810
2020/01/16 11:32:15.947,  35.63941710, 139.29584310
2020/01/16 11:32:16.425,  35.63941580, 139.29584790
2020/01/16 11:32:16.970,  35.63941600, 139.29585340
2020/01/16 11:32:17.944,  35.63941670, 139.29585730
2020/01/16 11:32:18.381,  35.63941860, 139.29586330
2020/01/16 11:32:18.933,  35.63942010, 139.29586710
2020/01/16 11:32:19.361,  35.63942210, 139.29587210
2020/01/16 11:32:19.974,  35.63942320, 139.29587500
2020/01/16 11:32:20.379,  35.63942490, 139.29588010
2020/01/16 11:32:20.998,  35.63942510, 139.29588230
2020/01/16 11:32:21.547,  35.63942530, 139.29588530
2020/01/16 11:32:22.039,  35.63942500, 139.29588740
2020/01/16 11:32:22.577,  35.63942440, 139.29588990
2020/01/16 11:32:23.376,  35.63942260, 139.29589320
2020/01/16 11:32:24.038,  35.63941930, 139.29589470
2020/01/16 11:32:24.376,  35.63941670, 139.29589700
2020/01/16 11:32:25.078,  35.63941350, 139.29589590
2020/01/16 11:32:25.669,  35.63941110, 139.29589460
2020/01/16 11:32:26.067,  35.63941080, 139.29589310
2020/01/16 11:32:26.593,  35.63941040, 139.29589060
2020/01/16 11:32:27.076,  35.63940810, 139.29589080
2020/01/16 11:32:27.624,  35.63940570, 139.29589130
2020/01/16 11:32:28.117,  35.63940380, 139.29589190
2020/01/16 11:32:28.655,  35.63940200, 139.29589180
2020/01/16 11:32:29.158,  35.63939990, 139.29589260
2020/01/16 11:32:30.370,  35.63939600, 139.29589350
2020/01/16 11:32:31.362,  35.63939490, 139.29589340
2020/01/16 11:32:31.859,  35.63939410, 139.29589320
2020/01/16 11:32:32.372,  35.63939350, 139.29589310
2020/01/16 11:32:33.407,  35.63939210, 139.29589340
2020/01/16 11:32:34.382,  35.63939090, 139.29589350
2020/01/16 11:32:35.365,  35.63939040, 139.29589330
2020/01/16 11:32:36.379,  35.63938960, 139.29589330
2020/01/16 11:32:36.966,  35.63938930, 139.29589310
2020/01/16 11:32:37.365,  35.63938910, 139.29589300
2020/01/16 11:32:38.363,  35.63938890, 139.29589290
2020/01/16 11:32:39.372,  35.63938880, 139.29589280
2020/01/16 11:32:40.357,  35.63938920, 139.29589270
2020/01/16 11:32:41.371,  35.63938930, 139.29589230
2020/01/16 11:32:41.687,  35.63938940, 139.29589200
2020/01/16 11:32:42.373,  35.63938960, 139.29589150
2020/01/16 11:32:42.744,  35.63938980, 139.29589140
2020/01/16 11:32:43.382,  35.63938990, 139.29589130
2020/01/16 11:32:44.366,  35.63939010, 139.29589130
2020/01/16 11:32:45.378,  35.63939020, 139.29589130
2020/01/16 11:32:46.372,  35.63939050, 139.29589110
2020/01/16 11:32:47.148,  35.63939520, 139.29589070
2020/01/16 11:32:47.359,  35.63940820, 139.29588760
2020/01/16 11:32:48.177,  35.63941870, 139.29588440
2020/01/16 11:32:49.375,  35.63942100, 139.29588210
2020/01/16 11:32:50.149,  35.63941520, 139.29588430
2020/01/16 11:32:57.206,  35.63941020, 139.29588600
